City_ID,City,Cloudiness,Country,Date,Humidity,Lat,Lng,Max Temp,Wind Speed
0,nava,9,IN,1568687667,79,24.13,72.17,82.02,8.21
1,lewistown,1,US,1568687461,78,40.39,-90.15,75.0,5.82
2,ponta do sol,52,BR,1568687667,39,-20.63,-46.0,73.56,4.81
3,saint-philippe,1,CA,1568687668,55,45.36,-73.48,60.8,8.05
4,baiao,46,BR,1568687668,76,-2.79,-49.67,77.34,2.28
5,atuona,1,PF,1568687668,67,-9.8,-139.03,79.68,11.68
6,lebu,75,ET,1568687668,93,8.96,38.73,59.0,4.7
7,biak,93,ID,1568687669,62,-0.91,122.88,74.64,5.84
8,iqaluit,75,CA,1568687605,74,63.75,-68.52,35.6,7.45
9,jamestown,0,AU,1568687680,28,-33.21,138.6,57.9,10.51
10,kavieng,54,PG,1568687719,76,-2.57,150.8,82.02,8.93
11,mar del plata,73,AR,1568687720,57,-46.43,-67.52,48.72,20.98
12,ust-ordynskiy,40,RU,1568687720,93,52.8,104.75,44.6,6.71
13,pevek,0,RU,1568687720,78,69.7,170.27,44.22,17.22
14,avarua,0,CK,1568687720,74,-21.21,-159.78,78.8,10.29
15,pontarlier,0,CH,1568687720,87,46.9,6.35,64.99,2.24
16,jaciara,5,BR,1568687721,23,-15.95,-54.98,77.7,2.68
17,kidal,0,ML,1568687721,20,18.44,1.41,90.3,8.57
18,ushuaia,40,AR,1568687721,86,-54.81,-68.31,33.8,4.7
19,bredasdorp,0,ZA,1568687476,93,-34.53,20.04,54.0,3.36
20,hermanus,0,ZA,1568687722,98,-34.42,19.24,57.0,4.0
21,saint-augustin,20,CA,1568687722,93,45.63,-73.98,60.8,3.36
22,sao filipe,1,CV,1568687722,82,14.9,-24.5,80.58,2.66
23,cape town,0,ZA,1568687723,93,-33.93,18.42,59.0,5.82
24,palmer,0,AU,1568687723,30,-34.85,139.16,64.0,9.17
25,esso,35,RU,1568687723,42,55.93,158.7,53.22,7.61
26,atikokan,37,CA,1568687603,89,48.76,-91.62,64.02,7.45
27,eydhafushi,23,MV,1568687460,71,5.1,73.07,83.28,6.24
28,sinnar,24,IN,1568687464,87,19.85,74.0,75.9,12.33
29,vanimo,33,PG,1568687724,79,-2.67,141.3,82.38,16.31
30,geraldton,20,CA,1568687724,93,49.72,-86.95,60.8,5.82
31,rikitea,95,PF,1568687725,72,-23.12,-134.97,67.62,20.0
32,coihaique,90,CL,1568687725,75,-45.58,-72.07,44.6,6.93
33,khandbari,100,NP,1568687725,95,27.38,87.21,56.64,0.94
34,new norfolk,20,AU,1568687725,37,-42.78,147.06,55.99,12.75
35,pacific grove,1,US,1568687726,59,36.62,-121.92,69.8,6.93
36,burriana,33,ES,1568687726,93,39.89,-0.08,71.01,2.15
37,busselton,33,AU,1568687726,47,-33.64,115.35,71.01,11.25
38,albany,1,US,1568687715,87,42.65,-73.75,57.0,3.04
39,khatanga,0,RU,1568687726,65,71.98,102.47,37.74,10.6
40,caravelas,0,BR,1568687727,83,-17.73,-39.27,71.94,6.51
41,tongzi,100,CN,1568687727,87,28.78,105.09,67.62,6.06
42,omboue,100,GA,1568687727,85,-1.57,9.26,75.18,11.59
43,lompoc,1,US,1568687522,77,34.64,-120.46,68.0,11.41
44,havoysund,75,NO,1568687727,87,71.0,24.66,42.8,13.87
45,cidreira,100,BR,1568687728,87,-30.17,-50.22,62.04,9.75
46,guerrero negro,34,MX,1568687539,76,27.97,-114.04,71.94,11.25
47,georgetown,75,GY,1568687701,94,6.8,-58.16,77.0,2.24
48,thompson,20,CA,1568687448,64,55.74,-97.86,68.0,4.7
49,amga,88,RU,1568687728,79,60.89,131.98,45.48,1.9
50,punta arenas,90,CL,1568687729,75,-53.16,-70.91,42.8,6.93
51,cabo san lucas,5,MX,1568687718,61,22.89,-109.91,86.0,14.99
52,jalu,0,LY,1568687729,63,29.03,21.55,67.62,8.48
53,vardo,20,US,1568687730,69,39.62,-77.74,75.2,5.82
54,butaritari,67,KI,1568687730,68,3.07,172.79,84.9,11.97
55,artyom,0,RU,1568687730,42,43.36,132.19,62.6,4.47
56,hilo,75,US,1568687730,66,19.71,-155.08,84.2,11.41
57,kapaa,75,US,1568687730,62,22.08,-159.32,87.8,8.05
58,rapperswil,20,CH,1568687731,100,47.23,8.82,62.01,1.05
59,san jeronimo,58,PE,1568687731,96,-13.65,-73.37,50.34,2.57
60,porto novo,0,BR,1568687731,57,-23.68,-45.44,75.2,3.36
61,grindavik,75,IS,1568687731,80,63.84,-22.43,44.6,9.17
62,sobolevo,0,RU,1568687732,94,54.43,31.9,43.14,12.24
63,port alfred,0,ZA,1568687732,93,-33.59,26.89,61.0,1.01
64,dembi dolo,99,ET,1568687732,89,8.53,34.8,67.8,5.01
65,darhan,0,MN,1568687732,65,49.49,105.92,47.64,6.44
66,vanavara,100,RU,1568687733,98,60.35,102.28,35.04,5.99
67,luba,100,PH,1568687733,82,17.32,120.7,79.14,4.79
68,padang,100,ID,1568687733,72,-0.92,100.36,78.6,8.32
69,ilhabela,0,BR,1568687733,71,-23.78,-45.36,75.36,10.54
70,trinidad,73,BO,1568687734,37,-14.83,-64.9,83.46,2.26
71,melito di porto salvo,5,IT,1568687734,88,37.92,15.77,75.99,2.24
72,chokurdakh,88,RU,1568687734,66,70.62,147.9,51.96,7.27
73,yellowknife,90,CA,1568687734,93,62.45,-114.38,44.6,18.34
74,pisco,75,PE,1568687655,82,-13.71,-76.2,62.6,5.82
75,carnarvon,0,ZA,1568687735,21,-30.97,22.13,56.28,5.57
76,arraial do cabo,0,BR,1568687735,88,-22.97,-42.02,70.68,18.37
77,tasiilaq,0,GL,1568687735,51,65.61,-37.64,35.6,8.75
78,tura,98,RU,1568687735,84,64.27,100.22,33.06,3.24
79,san patricio,85,PY,1568687735,78,-26.98,-56.83,67.98,12.1
80,molokovo,100,RU,1568687736,94,58.16,36.77,44.76,10.29
81,atar,82,MR,1568687736,20,20.52,-13.05,97.68,18.88
82,port elizabeth,94,US,1568687736,88,39.31,-74.98,75.2,4.97
83,torbay,90,CA,1568687736,100,47.66,-52.73,55.99,3.36
84,mataura,66,NZ,1568687737,73,-46.19,168.86,45.0,15.01
85,ghanzi,8,BW,1568687737,24,-21.7,21.65,62.4,5.64
86,kayerkan,75,RU,1568687737,86,69.35,87.76,37.4,22.37
87,sambava,0,MG,1568687737,78,-14.27,50.17,61.5,3.6
88,ribeira grande,94,PT,1568687737,89,38.52,-28.7,71.22,30.38
89,hobart,20,AU,1568687738,37,-42.88,147.33,55.99,12.75
90,mount gambier,75,AU,1568687738,58,-37.83,140.78,53.6,5.82
91,tuatapere,53,NZ,1568687738,73,-46.13,167.69,45.0,15.01
92,pak phanang,40,TH,1568687738,70,8.35,100.2,84.2,3.36
93,coos bay,1,US,1568687739,77,43.37,-124.22,62.6,12.75
94,dikson,100,RU,1568687583,90,73.51,80.55,34.68,19.64
95,seagoville,1,US,1568687739,51,32.64,-96.54,89.01,3.36
96,tornio,75,FI,1568687739,87,61.12,27.27,44.6,5.82
97,hithadhoo,84,MV,1568687740,71,-0.6,73.08,83.28,7.45
98,panguipulli,75,CL,1568687740,87,-39.64,-72.33,44.6,3.36
99,bawku,62,GH,1568687740,88,11.06,-0.24,74.82,5.41
100,medicine hat,75,CA,1568687740,59,50.04,-110.68,66.2,4.7
101,ahuimanu,75,US,1568687741,70,21.44,-157.84,86.0,8.05
102,maxixe,0,MZ,1568687741,95,-23.86,35.35,62.04,4.41
103,tocopilla,50,CL,1568687741,84,-22.09,-70.2,57.54,14.92
104,segovia,0,ES,1568687742,88,40.95,-4.12,66.0,3.36
105,faanui,2,PF,1568687742,79,-16.48,-151.75,78.06,13.33
106,sur,75,OM,1568687742,56,22.57,59.53,81.48,5.99
107,lerwick,67,GB,1568687743,70,60.15,-1.15,48.2,31.09
108,vestmannaeyjar,72,IS,1568687743,80,63.44,-20.27,44.22,10.22
109,barrow,0,AR,1568687743,44,-38.31,-60.23,43.32,10.13
110,kamenka,100,MD,1568687743,91,48.03,28.7,53.01,8.14
111,necochea,0,AR,1568687743,81,-38.55,-58.74,37.99,1.99
112,cayenne,0,GF,1568687744,88,4.94,-52.33,80.6,2.24
113,nikolskoye,75,RU,1568687744,93,59.7,30.79,45.0,4.47
114,puerto leguizamo,25,CO,1568687744,76,-0.19,-74.78,75.9,0.83
115,powell river,90,CA,1568687459,82,49.84,-124.52,59.0,10.29
116,kaitangata,67,NZ,1568687745,61,-46.28,169.85,44.01,11.99
117,qaanaaq,92,GL,1568687745,46,77.48,-69.36,20.28,6.13
118,vaini,75,IN,1568687745,94,15.34,74.49,71.6,3.36
119,bethel,40,US,1568687745,71,60.79,-161.76,57.2,9.17
120,davila,90,PH,1568687745,79,18.47,120.58,84.2,2.24
121,camacha,0,PT,1568687746,82,33.08,-16.33,71.6,8.05
122,tiksi,0,RU,1568687746,68,71.64,128.87,40.26,2.28
123,yaan,100,NG,1568687746,97,7.38,8.57,73.38,3.96
124,bluff,0,AU,1568687746,21,-23.58,149.07,83.1,8.68
125,chuy,0,UY,1568687747,74,-33.69,-53.46,47.82,5.17
126,poso,17,ID,1568687573,50,-1.4,120.75,79.86,3.44
127,nuqui,96,CO,1568687747,86,5.71,-77.27,77.34,4.38
128,arua,77,UG,1568687747,95,3.02,30.91,59.88,1.59
129,conde,29,BR,1568687608,97,-11.81,-37.61,66.0,1.7
130,karasjok,100,NO,1568687748,93,69.47,25.52,42.8,16.11
131,deputatskiy,3,RU,1568687748,70,69.3,139.9,44.04,5.77
132,takoradi,32,GH,1568687748,96,4.89,-1.75,73.38,2.84
133,bull savanna,8,JM,1568687748,76,17.89,-77.59,83.28,6.49
134,oda,75,JP,1568687748,61,35.19,132.5,78.8,18.34
135,norman wells,20,CA,1568687749,62,65.28,-126.83,51.8,10.29
136,saskylakh,74,RU,1568687749,75,71.97,114.09,38.64,6.4
137,ostrovnoy,100,RU,1568687749,88,68.05,39.51,39.18,21.85
138,koindu,100,GN,1568687749,99,8.44,-10.33,70.86,3.89
139,gallup,1,US,1568687526,55,35.53,-108.74,64.4,11.41
140,nanortalik,98,GL,1568687750,71,60.14,-45.24,41.16,7.18
141,constitucion,20,MX,1568687750,43,23.99,-104.67,69.8,4.7
142,jedovnice,75,CZ,1568687750,82,49.34,16.76,61.0,4.7
143,taoudenni,0,ML,1568687750,13,22.68,-3.98,95.52,13.04
144,sora,0,IT,1568687750,86,41.72,13.61,68.0,1.3
145,makakilo city,1,US,1568687751,70,21.35,-158.09,86.0,6.93
146,mackenzie,20,CA,1568687641,93,55.34,-123.09,48.2,3.36
147,goderich,15,CA,1568687751,90,43.74,-81.71,63.0,5.99
148,prince george,90,CA,1568687631,66,53.92,-122.75,55.4,2.24
149,ballwin,1,US,1568687452,88,38.59,-90.55,82.99,4.56
150,hyeres,0,FR,1568687452,88,43.12,6.14,68.0,3.36
151,pontes e lacerda,0,BR,1568687752,23,-15.23,-59.33,84.72,3.2
152,saldanha,55,PT,1568687752,71,41.42,-6.55,64.56,2.8
153,halifax,20,CA,1568687752,82,44.65,-63.58,57.0,5.82
154,balabac,93,PH,1568687752,66,7.99,117.06,85.44,11.12
155,tongchuan,90,CN,1568687753,100,34.9,108.95,60.8,11.18
156,bambous virieux,20,MU,1568687753,93,-20.34,57.76,66.99,3.36
157,haimen,37,CN,1568687753,66,31.87,121.18,95.0,1.99
158,nuuk,5,GL,1568687754,69,64.17,-51.74,35.6,10.29
159,narsaq,89,GL,1568687754,48,60.91,-46.05,39.2,3.36
160,harper,1,US,1568687754,48,30.3,-99.24,84.2,7.47
161,saurimo,28,AO,1568687754,67,-9.66,20.4,69.42,3.0
162,charters towers,63,AU,1568687755,20,-20.07,146.27,80.76,5.44
163,airai,75,TL,1568687755,53,-8.93,125.41,84.18,5.03
164,bambanglipuro,84,ID,1568687755,88,-7.95,110.28,74.64,18.95
165,avera,1,US,1568687756,64,33.19,-82.53,79.0,0.96
166,margate,20,AU,1568687756,37,-43.03,147.26,55.99,12.75
167,hofn,0,IS,1568687756,81,64.25,-15.21,26.04,11.56
168,isangel,75,VU,1568687756,54,-19.55,169.27,80.6,19.46
169,ordynskoye,98,RU,1568687490,66,54.37,81.9,59.52,11.34
170,ancud,20,CL,1568687757,87,-41.87,-73.83,44.6,5.82
171,saint george,0,GR,1568687757,60,39.45,22.34,63.84,0.72
172,lufilufi,20,WS,1568687757,70,-13.87,-171.6,87.8,12.75
173,hobyo,46,SO,1568687757,82,5.35,48.53,75.18,19.15
174,severobaykalsk,95,RU,1568687758,92,55.65,109.32,22.62,4.38
175,victoria,75,BN,1568687758,66,5.28,115.24,84.2,3.36
176,leningradskiy,2,RU,1568687758,71,69.38,178.42,41.52,17.34
177,mahdalynivka,0,UA,1568687758,67,48.92,34.92,59.0,8.95
178,kudahuvadhoo,37,MV,1568687759,70,2.67,72.89,82.74,3.62
179,bezhanitsy,93,RU,1568687759,93,56.97,29.88,45.84,11.16
180,lorengau,96,PG,1568687759,68,-2.02,147.27,84.54,5.23
181,porto walter,100,BR,1568687760,63,-8.27,-72.74,78.96,2.44
182,richards bay,5,ZA,1568687760,82,-28.77,32.06,72.3,16.82
183,east london,7,ZA,1568687760,93,-33.02,27.91,56.28,2.73
184,talcahuano,0,CL,1568687760,81,-36.72,-73.12,48.2,11.41
185,harnosand,96,SE,1568687761,93,62.63,17.94,43.0,5.82
186,faya,0,SA,1568687761,38,18.39,42.45,64.4,1.41
187,beringovskiy,100,RU,1568687761,83,63.05,179.32,41.34,10.18
188,severo-kurilsk,100,RU,1568687762,96,50.68,156.12,49.98,32.73
189,castro,20,CL,1568687762,87,-42.48,-73.76,44.6,5.82
190,kozmodemyansk,0,RU,1568687762,93,56.33,46.55,44.6,11.18
191,phetchabun,20,TH,1568687763,83,16.42,101.16,82.4,2.24
192,san cristobal,99,HN,1568687763,80,14.68,-86.92,68.52,3.67
193,chapleau,5,CA,1568687763,100,47.85,-83.4,53.6,3.13
194,talnakh,75,RU,1568687764,86,69.49,88.39,37.4,22.37
195,lakhimpur,98,IN,1568687764,96,27.24,94.1,67.98,3.0
196,viransehir,0,TR,1568687764,60,37.24,39.76,65.1,2.48
197,moerai,0,PF,1568687765,76,-22.43,-151.33,71.04,16.96
198,college,75,US,1568687765,64,64.86,-147.8,55.4,11.41
199,vanderhoof,100,CA,1568687765,77,54.02,-124.02,47.28,1.86
200,paraguacu paulista,9,BR,1568687765,29,-22.41,-50.58,78.78,5.3
201,mahebourg,20,MU,1568687766,93,-20.41,57.7,66.99,3.36
202,vostok,0,RU,1568687766,41,46.45,135.83,58.62,5.55
203,naze,100,NG,1568687766,93,5.43,7.07,74.28,6.29
204,komsomolskiy,97,RU,1568687766,86,67.55,63.78,39.18,8.25
205,jacqueville,100,CI,1568687767,88,5.21,-4.42,76.8,12.37
206,barcelos,48,BR,1568687643,94,-0.97,-62.93,74.46,2.44
207,kvarkeno,100,RU,1568687767,51,52.08,59.73,53.58,15.37
208,visby,0,SE,1568687767,76,57.64,18.3,54.0,14.99
209,kloulklubed,75,PW,1568687768,70,7.04,134.26,86.0,10.29
210,mount isa,9,AU,1568687768,9,-20.73,139.49,89.6,9.17
211,wagar,0,US,1568687768,85,31.44,-87.99,80.01,3.11
212,empangeni,0,ZA,1568687768,89,-28.75,31.9,66.54,4.59
213,cay,0,TR,1568687768,80,38.59,31.03,48.36,0.98
214,kruisfontein,0,ZA,1568687769,93,-34.0,24.73,52.14,2.86
215,esperance,1,AU,1568687769,46,-33.86,121.89,69.8,20.8
216,rognan,40,NO,1568687769,81,67.1,15.4,42.8,12.75
217,port hardy,75,CA,1568687769,82,50.7,-127.42,57.2,9.17
218,adrar,0,DZ,1568687770,17,27.87,-0.29,84.2,12.75
219,nouadhibou,64,MR,1568687770,54,20.93,-17.03,82.4,20.8
220,fort nelson,90,CA,1568687770,87,58.81,-122.69,46.4,2.8
221,rabat,100,MA,1568687770,88,34.02,-6.83,70.0,5.21
222,ukiah,0,US,1568687771,87,39.15,-123.21,63.0,1.99
223,kenai,1,US,1568687771,67,60.55,-151.26,62.6,6.93
224,la palma,100,CO,1568687771,92,5.36,-74.39,71.22,2.44
225,shar,100,NG,1568687771,97,7.3,8.73,73.38,3.96
226,maba,0,CN,1568687772,66,24.68,113.59,85.8,3.89
227,bulgan,0,MN,1568687772,61,48.81,103.53,49.44,3.62
228,magdagachi,100,RU,1568687772,96,53.45,125.8,35.58,11.65
229,muros,40,ES,1568687772,93,42.77,-9.06,66.2,4.7
230,gambela,99,ET,1568687773,89,8.25,34.59,67.8,5.01
231,yeppoon,0,AU,1568687773,34,-23.13,150.74,80.6,8.05
232,quatre cocos,20,MU,1568687773,93,-20.21,57.76,66.99,3.36
233,siniscola,0,IT,1568687773,93,40.57,9.69,64.4,3.36
234,tuskegee,1,US,1568687774,73,32.42,-85.69,79.0,3.36
235,zonguldak,41,TR,1568687774,76,41.25,31.83,66.54,5.44
236,longyearbyen,75,NO,1568687494,66,78.22,15.63,32.0,16.11
237,clyde river,90,CA,1568687774,69,70.47,-68.59,39.2,6.46
238,puerto baquerizo moreno,9,EC,1568687774,86,-0.9,-89.6,66.0,11.41
239,kodiak,1,US,1568687774,83,39.95,-94.76,79.0,5.82
240,aguadilla,90,PR,1568687775,87,18.43,-67.15,82.0,11.92
241,yamada,75,JP,1568687775,78,36.58,137.08,80.6,11.41
242,tessalit,0,ML,1568687775,13,20.2,1.01,89.58,14.32
243,aklavik,90,CA,1568687776,70,68.22,-135.01,44.6,3.36
244,bon air,1,US,1568687776,78,37.52,-77.56,78.01,2.98
245,hauterive,90,CA,1568687776,81,49.18,-68.27,51.8,4.7
246,aksarka,80,RU,1568687776,86,66.56,67.8,40.08,8.03
247,lagoa,0,PT,1568687777,73,37.14,-8.45,69.8,2.24
248,gat,20,SN,1568687777,94,14.69,-16.54,75.2,11.41
249,fethiye,0,TR,1568687777,64,36.62,29.12,68.0,4.7
250,tabou,100,CI,1568687777,92,4.42,-7.36,74.46,4.81
251,oyama,20,JP,1568687778,61,36.31,139.8,91.99,10.29
252,tuktoyaktuk,90,CA,1568687778,75,69.44,-133.03,44.6,11.41
253,meulaboh,65,ID,1568687778,75,4.14,96.13,81.66,8.59
254,grand gaube,20,MU,1568687778,93,-20.01,57.66,66.99,3.36
255,sao joao da barra,0,BR,1568687779,92,-21.64,-41.05,67.8,0.85
256,tommot,100,RU,1568687779,78,58.97,126.27,37.38,9.53
257,kalabo,0,ZM,1568687779,25,-15.0,22.67,64.02,7.25
258,puerto ayora,36,EC,1568687643,88,-0.74,-90.35,66.99,1.99
259,broome,0,GB,1568687779,100,52.47,1.45,51.01,5.82
260,trapani,0,IT,1568687780,82,38.02,12.54,73.0,4.7
261,poum,0,MK,1568687780,87,41.28,20.71,51.8,4.7
262,tolaga bay,100,NZ,1568687651,71,-38.37,178.3,58.62,7.92
263,nelson bay,90,AU,1568687780,100,-32.72,152.14,55.99,11.41
264,los llanos de aridane,75,ES,1568687781,83,28.66,-17.92,73.4,10.29
265,lima,90,PE,1568687781,87,-12.06,-77.04,60.8,6.93
266,taunsa,0,PK,1568687782,21,30.7,70.65,92.1,12.06
267,lesosibirsk,26,RU,1568687782,82,58.22,92.49,51.96,5.82
268,laguna,40,BZ,1568687782,94,16.17,-88.94,80.6,2.35
269,sibolga,79,ID,1568687782,78,1.74,98.78,78.78,8.12
270,ugoofaaru,42,MV,1568687782,73,5.67,73.0,82.92,7.29
271,marmora,75,CA,1568687783,87,44.48,-77.68,57.2,2.24
272,fortuna,1,US,1568687783,77,40.6,-124.16,64.99,8.05
273,qaqortoq,89,GL,1568687783,48,60.72,-46.03,39.2,3.36
274,altamont,20,CA,1568687784,83,49.4,-98.5,73.4,6.93
275,kavaratti,47,IN,1568687784,79,10.57,72.64,81.84,12.12
276,sann,100,PK,1568687784,74,26.04,68.14,82.4,6.93
277,kongolo,40,CD,1568687784,87,-5.39,27.0,71.94,4.97
278,provideniya,40,RU,1568687785,65,64.42,-173.23,46.4,13.42
279,san pedro,0,AR,1568687785,44,-33.68,-59.66,48.0,1.99
280,maceio,40,BR,1568687785,88,-9.67,-35.74,71.6,3.36
281,merauke,92,ID,1568687785,82,-8.49,140.4,76.8,19.26
282,atocha,90,AR,1568687786,93,-24.82,-65.48,53.6,5.82
283,bonavista,100,CA,1568687786,79,48.65,-53.11,54.0,1.99
284,husavik,0,CA,1568687786,73,50.56,-96.99,75.0,3.0
285,nakatunguru,20,TZ,1568687786,88,-2.12,33.07,69.8,14.99
286,itarema,26,BR,1568687786,82,-2.92,-39.92,76.08,10.42
287,atasu,100,KZ,1568687787,39,48.68,71.64,62.94,9.82
288,yanliang,90,CN,1568687787,100,34.66,109.22,63.0,11.18
289,khandyga,100,RU,1568687787,59,62.65,135.58,52.68,3.6
290,salalah,75,OM,1568687788,88,17.01,54.1,78.8,8.05
291,bari sadri,20,IN,1568687788,94,24.42,74.48,75.2,2.71
292,san borja,93,BO,1568687788,52,-14.86,-66.75,79.5,1.43
293,athabasca,53,CA,1568687622,80,54.72,-113.29,46.74,4.09
294,pandan,100,PH,1568687788,80,11.72,122.09,82.38,23.17
295,marsh harbour,0,BS,1568687789,82,26.54,-77.06,81.84,13.98
296,agara,0,GE,1568687789,94,42.04,43.82,53.76,2.26
297,potot,99,PH,1568687789,73,11.34,124.55,82.92,9.53
298,ahvaz,87,IR,1568687790,44,31.32,48.68,75.2,2.24
299,darnah,0,LY,1568687707,68,32.77,22.64,76.62,11.25
300,berlevag,100,NO,1568687790,67,70.86,29.09,43.14,16.22
301,siderno,5,IT,1568687790,88,38.28,16.3,75.99,2.24
302,noumea,90,NC,1568687791,47,-22.28,166.46,78.8,11.41
303,provost,91,CA,1568687791,89,52.35,-110.26,57.9,8.68
304,denpasar,20,ID,1568687791,78,-8.65,115.22,80.6,14.99
305,celendin,32,PE,1568687791,96,-6.87,-78.15,44.22,4.29
306,ailigandi,54,PA,1568687792,80,9.23,-78.02,80.76,8.03
307,barabinsk,80,RU,1568687792,61,55.35,78.35,61.32,11.41
308,port blair,100,IN,1568687792,84,11.67,92.75,80.04,20.0
309,christchurch,91,NZ,1568687700,24,-43.53,172.64,64.0,11.41
310,codrington,90,AU,1568687793,56,-28.95,153.24,77.0,10.29
311,lae,90,PG,1568687793,65,-6.72,146.98,82.4,9.17
312,san quintin,100,PH,1568687793,82,17.54,120.52,79.14,4.79
313,obeliai,24,LT,1568687793,82,55.94,25.8,44.4,11.72
314,jumla,0,NP,1568687794,71,29.28,82.18,60.42,2.04
315,panukulan,100,PH,1568687794,78,14.93,121.81,80.58,1.9
316,motril,0,ES,1568687794,88,36.75,-3.52,73.0,1.77
317,cananeia,5,BR,1568687683,85,-25.01,-47.93,71.4,1.07
318,hanzhong,100,CN,1568687795,97,33.08,107.03,59.34,2.62
319,juruti,0,BR,1568687795,60,-2.16,-56.09,80.4,1.28
320,tomatlan,100,MX,1568687795,80,19.93,-105.25,82.92,9.95
321,broken hill,0,AU,1568687795,30,-31.97,141.45,53.6,19.46
322,el carmen,75,AR,1568687795,71,-24.39,-65.26,53.6,12.75
323,yangambi,100,CD,1568687796,99,0.77,24.47,69.06,1.77
324,sinnamary,57,GF,1568687796,82,5.38,-52.96,82.02,15.43
325,lavrentiya,91,RU,1568687796,69,65.58,-170.99,37.74,14.99
326,egvekinot,96,RU,1568687796,63,66.32,-179.17,37.74,3.6
327,vila franca do campo,75,PT,1568687797,94,37.72,-25.43,71.6,12.75
328,bathsheba,40,BB,1568687797,83,13.22,-59.52,82.4,19.46
329,ust-karsk,34,RU,1568687797,53,52.71,118.82,43.14,9.91
330,umm kaddadah,100,SD,1568687798,59,13.6,26.69,80.58,12.73
331,rio do sul,11,BR,1568687798,1,-27.22,-49.64,70.0,1.88
332,puerto del rosario,75,ES,1568687798,94,28.5,-13.86,71.6,11.41
333,itaberai,33,BR,1568687798,24,-16.02,-49.81,70.14,5.79
334,itoman,40,JP,1568687799,74,26.12,127.67,86.0,23.04
335,tilichiki,0,RU,1568687799,47,60.47,166.1,54.66,2.57
336,havre-saint-pierre,90,CA,1568687799,76,50.23,-63.6,48.2,9.17
337,manokwari,17,ID,1568687800,75,-0.87,134.08,79.5,6.87
338,tual,94,ID,1568687800,84,-5.67,132.75,76.62,17.31
339,kirovsk,100,RU,1568687800,90,67.62,33.66,37.02,9.89
340,morales,40,GT,1568687800,94,15.47,-88.84,80.6,7.2
341,lochem,90,NL,1568687801,100,52.16,6.41,53.01,1.12
342,evensk,8,RU,1568687801,54,61.92,159.24,49.44,2.04
343,koster,0,ZA,1568687801,44,-25.86,26.9,59.0,3.36
344,doka,92,SD,1568687801,89,13.52,35.76,72.66,5.3
345,pitimbu,40,BR,1568687801,94,-7.47,-34.81,73.4,5.82
346,iwaki,75,JP,1568687802,69,37.05,140.89,91.0,9.17
347,dzhebariki-khaya,100,RU,1568687802,80,62.22,135.8,49.26,3.8
348,port lincoln,3,AU,1568687802,60,-34.72,135.86,53.76,12.41
349,mapiripan,1,CO,1568687803,86,2.89,-72.13,76.08,1.79
350,narasannapeta,1,IN,1568687803,78,18.42,84.04,84.36,5.57
351,samarinda,81,ID,1568687803,50,-0.5,117.14,91.2,5.08
352,ahipara,100,NZ,1568687803,78,-35.17,173.16,70.0,15.86
353,high level,90,CA,1568687803,93,58.52,-117.13,44.6,3.36
354,miedzyrzec podlaski,33,PL,1568687804,80,51.99,22.78,47.28,11.03
355,maragogi,28,BR,1568687804,93,-9.01,-35.22,68.7,2.98
356,alice springs,0,AU,1568687776,26,-23.7,133.88,78.8,12.75
357,bahia blanca,0,AR,1568687804,38,-38.72,-62.27,48.0,9.31
358,mocuba,100,MZ,1568687805,74,-16.84,36.99,70.32,4.94
359,san francisco,61,CO,1568687506,97,1.17,-76.88,49.08,3.4
360,lagunillas,42,VE,1568687805,79,8.5,-71.39,67.98,4.5
361,tokmak,11,UA,1568687805,94,47.26,35.7,57.54,6.89
362,umm lajj,60,SA,1568687805,75,25.02,37.27,83.46,15.46
363,saint-francois,0,FR,1568687806,71,46.42,3.91,57.2,1.3
364,chunan,25,CN,1568687806,70,24.53,110.55,83.28,6.42
365,tambovka,0,RU,1568687806,64,47.32,47.38,61.5,11.16
366,samarai,93,PG,1568687806,85,-10.62,150.67,76.62,8.48
367,hami,26,CN,1568687806,9,42.84,93.51,78.06,0.92
368,tamiahua,0,MX,1568687807,75,21.28,-97.45,82.2,5.17
369,hamilton,20,CA,1568687663,87,43.26,-79.87,63.0,4.7
370,zhigansk,90,RU,1568687807,60,66.77,123.37,42.24,16.06
371,swan hill,0,AU,1568687807,40,-35.34,143.56,57.72,11.79
372,koson,0,UZ,1568687808,54,39.04,65.59,53.6,4.7
373,katsuura,40,JP,1568687808,61,33.93,134.5,87.01,14.99
374,half moon bay,1,US,1568687808,88,37.46,-122.43,66.99,6.93
375,chiredzi,0,ZW,1568687809,71,-21.05,31.67,64.56,8.01
376,portland,40,US,1568687620,71,43.66,-70.25,57.0,5.82
377,tromso,0,NO,1568687809,93,69.65,18.96,39.2,10.29
378,rio gallegos,90,AR,1568687809,75,-51.62,-69.22,42.8,5.82
379,aquiraz,40,BR,1568687660,69,-3.9,-38.39,80.6,14.99
380,howard springs,0,AU,1568687810,31,-12.5,131.05,91.99,10.29
381,ilulissat,100,GL,1568687810,86,69.22,-51.1,33.8,4.7
382,saint anthony,1,US,1568687810,67,43.97,-111.68,64.4,4.7
383,oistins,40,BB,1568687810,83,13.07,-59.53,82.4,19.46
384,soderhamn,45,SE,1568687810,87,61.3,17.06,37.0,4.07
385,lasa,20,CY,1568687811,68,34.92,32.53,69.8,8.05
386,jiayuguan,0,CN,1568687532,30,39.77,98.29,69.6,20.98
387,keti bandar,95,PK,1568687811,79,24.14,67.45,83.1,17.45
388,mildura,0,AU,1568687812,32,-34.18,142.16,55.99,12.75
389,maniitsoq,0,GL,1568687812,55,65.42,-52.9,37.2,4.99
390,kassala,48,SD,1568687812,64,15.45,36.38,82.92,11.12
391,luganville,75,VU,1568687812,74,-15.51,167.18,78.8,11.41
392,tagusao,100,PH,1568687813,73,9.19,117.81,84.0,15.14
393,verkhnyaya inta,99,RU,1568687813,77,65.99,60.32,41.52,8.41
394,ilheus,40,BR,1568687759,94,-14.79,-39.05,71.6,3.36
395,novobohdanivka,0,UA,1568687813,100,46.87,31.96,59.0,6.71
396,sitka,53,US,1568687814,50,37.17,-99.65,79.0,15.01
397,vao,100,EE,1568687814,88,59.1,26.19,47.1,6.42
398,chapais,20,CA,1568687814,87,49.78,-74.86,44.6,5.82
399,la ronge,40,CA,1568687816,88,55.1,-105.3,64.4,9.17
400,sorland,100,NO,1568687816,79,67.67,12.69,49.26,16.22
401,buraydah,0,SA,1568687816,31,26.33,43.97,77.0,3.36
402,bahia de caraquez,90,EC,1568687816,83,-0.6,-80.42,73.4,4.7
403,lazaro cardenas,75,MX,1568687817,53,28.39,-105.62,77.0,14.99
404,takapau,100,NZ,1568687817,77,-40.02,176.35,57.99,8.01
405,kadyy,100,RU,1568687817,88,57.79,43.19,48.18,10.96
406,linjiang,2,CN,1568687817,45,41.81,126.91,64.2,5.53
407,milyutinskaya,49,RU,1568687818,50,48.63,41.67,55.02,6.08
408,gamba,93,CN,1568687818,70,28.28,88.52,42.42,4.79
409,cherskiy,80,RU,1568687818,44,68.75,161.3,56.46,2.06
410,kampot,75,KH,1568687818,83,10.62,104.18,78.8,11.41
411,kununurra,99,AU,1568687818,43,-15.77,128.74,87.8,8.05
412,palembang,100,ID,1568687819,49,-2.99,104.76,88.14,6.58
413,fukue,75,JP,1568687819,65,35.03,136.69,93.99,4.7
414,vagur,45,FO,1568687819,78,61.47,-6.81,47.46,28.21
415,griffith,90,AU,1568687819,54,-34.29,146.06,55.4,16.11
416,sicamous,90,CA,1568687820,93,50.84,-118.99,55.4,5.82
417,clarksburg,90,US,1568687672,69,39.24,-77.28,79.0,3.36
418,ngunguru,100,NZ,1568687820,52,-35.62,174.5,70.0,11.01
419,inuvik,90,CA,1568687638,70,68.36,-133.71,44.6,3.36
420,chandur,96,IN,1568687821,85,20.82,77.97,79.32,8.03
421,galashki,0,RU,1568687821,77,43.1,44.99,62.6,4.47
422,mount darwin,0,ZW,1568687821,87,-16.77,31.58,53.94,2.28
423,oromocto,90,CA,1568687821,82,45.85,-66.47,59.0,6.93
424,aksu,0,KZ,1568687822,71,52.04,76.93,53.6,8.95
425,lianyuan,100,CN,1568687822,82,27.69,111.67,66.72,4.47
426,herat,0,AF,1568687822,30,34.35,62.22,55.4,2.24
427,kapuskasing,75,CA,1568687791,93,49.42,-82.43,59.0,2.24
428,nhulunbuy,75,AU,1568687822,58,-12.18,136.78,82.4,16.11
429,luderitz,0,NA,1568687823,87,-26.65,15.16,55.4,11.41
430,mandalgovi,0,MN,1568687823,36,45.76,106.27,50.16,10.51
431,bandarbeyla,65,SO,1568687823,77,9.49,50.81,75.36,21.68
432,damaturu,98,NG,1568687824,77,11.75,11.96,71.94,7.74
433,fot,0,FR,1568687824,40,45.58,1.02,71.01,6.93
434,tadine,97,NC,1568687824,63,-21.55,167.88,71.04,8.77
435,kentau,0,KZ,1568687824,26,43.52,68.5,68.16,3.53
436,steamboat springs,1,US,1568687825,45,40.48,-106.83,68.0,3.29
437,strezhevoy,20,RU,1568687825,87,60.73,77.6,51.8,6.71
438,samfya,98,ZM,1568687825,67,-11.37,29.56,59.52,4.97
439,te anau,20,NZ,1568687825,60,-45.41,167.72,40.8,11.81
440,melaka,90,MY,1568687826,79,2.19,102.26,84.2,3.36
441,qafqafa,0,JO,1568687826,56,32.35,35.94,68.0,2.55
442,saint-pierre,21,FR,1568687826,93,48.95,4.24,60.8,4.7
443,avesta,13,SE,1568687826,78,60.15,16.18,35.6,3.36
444,arman,100,RU,1568687827,72,59.7,150.17,48.72,4.56
445,dandong,96,CN,1568687827,54,40.12,124.37,69.78,2.24
446,the pas,1,CA,1568687827,73,53.82,-101.24,71.6,9.17
447,moindou,90,NC,1568687827,47,-21.69,165.68,78.8,11.41
448,tefe,17,BR,1568687828,88,-3.35,-64.71,75.0,2.86
449,amahai,70,ID,1568687828,82,-3.31,129.0,77.88,9.33
450,cochrane,100,CL,1568687828,99,-47.25,-72.57,35.4,3.76
451,upernavik,57,GL,1568687828,55,72.79,-56.15,30.54,12.19
452,belen,90,US,1568687625,72,34.66,-106.78,75.2,23.04
453,behshahr,0,IR,1568687829,100,36.69,53.54,64.4,2.24
454,la paz,20,MX,1568687829,45,24.15,-110.32,87.8,3.36
455,morehead,1,US,1568687829,65,38.18,-83.43,80.6,3.83
456,iskateley,79,RU,1568687830,94,67.68,53.15,39.72,7.54
457,manggar,100,ID,1568687830,62,-2.88,108.27,84.54,9.33
458,serebryansk,100,KZ,1568687830,56,49.68,83.3,55.74,6.13
459,hovd,75,NO,1568687830,75,63.83,10.7,51.01,16.11
460,tabas,0,IR,1568687831,21,33.6,56.92,69.8,2.24
461,pangnirtung,96,CA,1568687655,58,66.15,-65.72,28.38,2.13
462,kargopol,100,RU,1568687831,97,61.51,38.95,39.72,4.94
463,kamina,100,CD,1568687831,76,-8.74,25.0,67.26,2.48
464,waipawa,83,NZ,1568687832,77,-39.94,176.59,57.99,8.01
465,owando,98,CG,1568687832,96,-0.49,15.91,71.76,2.08
466,bairnsdale,7,AU,1568687832,55,-37.83,147.63,57.99,1.99
467,tynda,100,RU,1568687832,49,55.15,124.74,40.26,11.34
468,kushima,20,JP,1568687833,58,31.5,131.29,82.4,16.11
469,verkhnevilyuysk,100,RU,1568687833,59,63.45,120.31,40.44,7.87
470,lakatoro,100,VU,1568687833,68,-16.11,167.42,78.6,7.4
471,upata,98,VE,1568687834,86,8.02,-62.41,78.01,3.22
472,jacareacanga,92,BR,1568687834,71,-6.22,-57.76,78.06,2.01
473,jining,100,CN,1568687834,40,35.41,116.58,84.0,1.32
474,nishihara,75,JP,1568687834,52,35.74,139.53,91.99,4.7
475,yar-sale,56,RU,1568687835,82,66.83,70.83,42.06,9.69
476,khani,90,GE,1568687835,100,41.96,42.96,66.2,2.24
477,auki,87,NG,1568687835,89,12.18,6.51,71.22,4.38
478,dumai,100,ID,1568687768,56,1.68,101.45,87.06,4.59
479,monywa,14,MM,1568687691,76,22.12,95.13,84.54,4.65
480,baruun-urt,9,MN,1568687835,31,46.68,113.28,43.86,16.33
481,hambantota,75,LK,1568687836,100,6.12,81.12,75.2,4.7
482,klaksvik,67,FO,1568687836,81,62.23,-6.59,44.6,23.04
483,fairbanks,75,US,1568687577,64,64.84,-147.72,54.0,11.41
484,zomin,0,UZ,1568687836,25,39.96,68.4,66.0,0.83
485,bintulu,75,MY,1568687837,74,3.17,113.03,84.2,5.82
486,rio grande,96,BR,1568687837,97,-32.03,-52.1,54.0,6.29
487,alihe,100,CN,1568687837,61,50.57,123.73,51.06,14.14
488,zyryanka,55,RU,1568687837,50,65.73,150.89,55.74,2.37
489,kuala perlis,75,MY,1568687838,94,6.4,100.14,78.8,3.36
490,gisors,75,FR,1568687636,87,49.28,1.78,63.0,3.36
491,verkhnyaya toyma,100,RU,1568687838,99,62.24,45.0,42.24,2.37
492,kinablangan,11,PH,1568687838,61,7.69,126.55,85.44,7.54
493,kaili,53,ID,1568687838,64,-3.46,120.21,73.92,2.82
494,taltal,0,CL,1568687839,83,-25.41,-70.49,49.98,1.39
495,domat,85,CH,1568687839,88,46.83,9.45,63.0,2.95
496,san vicente,90,EC,1568687839,83,-0.59,-80.41,73.4,4.7
497,cabedelo,40,BR,1568687839,94,-6.97,-34.84,73.4,5.82
498,krasnorechenskiy,0,RU,1568687839,36,44.63,135.35,59.34,5.99
499,neuquen,0,AR,1568687770,31,-38.95,-68.06,60.8,11.41
500,wukari,83,NG,1568687840,95,7.87,9.78,73.92,1.92
501,tartagal,77,AR,1568687578,52,-22.52,-63.8,57.54,3.53
502,zhangjiakou,98,CN,1568687841,36,40.77,114.88,63.84,12.1
503,mangrol,40,IN,1568687841,88,25.33,76.51,80.6,1.12
504,pavlodar,0,KZ,1568687841,71,52.28,76.96,53.6,8.95
505,awjilah,0,LY,1568687842,62,29.14,21.3,66.9,9.57
506,tezu,100,IN,1568687842,97,27.93,96.16,70.5,4.18
507,jinzhou,100,CN,1568687842,49,41.11,121.12,69.06,11.56
508,mananjary,6,MG,1568687842,65,-19.16,46.8,59.88,5.73
509,sladkovo,95,RU,1568687843,78,55.53,70.34,51.42,10.92
510,chabahar,100,IR,1568687843,88,25.29,60.65,78.8,0.74
511,lulea,95,SE,1568687843,93,65.58,22.15,42.8,5.82
512,veracruz,73,EC,1568687844,80,-3.97,-79.57,61.32,2.55
513,kirakira,88,SB,1568687844,80,-10.46,161.92,82.2,8.97
514,ati,100,TD,1568687844,70,13.21,18.34,79.86,14.12
515,liwale,55,TZ,1568687844,90,-9.8,37.92,61.86,3.87
516,vilyuysk,100,RU,1568687844,59,63.75,121.63,39.9,10.98
517,sayyan,15,YE,1568687845,51,15.17,44.32,70.5,3.24
518,prince rupert,90,CA,1568687845,87,54.32,-130.32,53.6,6.93
519,bubaque,60,GW,1568687845,79,11.28,-15.83,81.48,10.4
520,uray,98,RU,1568687845,82,60.13,64.8,46.38,7.76
521,palana,11,RU,1568687846,82,59.08,159.95,48.0,4.85
522,mahenge,57,TZ,1568687846,82,-8.68,36.72,71.04,5.32
523,araouane,0,ML,1568687846,23,18.9,-3.53,95.34,8.01
524,luwingu,52,ZM,1568687846,63,-10.26,29.92,60.24,7.81
525,oksfjord,100,NO,1568687847,87,70.24,22.35,42.8,9.17
526,eyl,28,SO,1568687847,81,7.98,49.82,73.2,14.65
527,wanning,75,AT,1568687847,82,48.64,13.53,64.4,4.7
528,sao francisco,67,BR,1568687847,53,-25.65,-53.85,82.4,5.82
529,dudinka,75,RU,1568687847,86,69.41,86.18,37.4,22.37
530,kurumkan,38,RU,1568687848,80,54.33,110.32,27.48,6.06
531,kawalu,100,ID,1568687848,56,-7.38,108.21,79.32,6.6
532,kribi,100,CM,1568687848,92,2.94,9.91,76.44,16.73
533,mitchell,1,US,1568687848,69,43.71,-98.03,80.6,13.87
534,kiunga,87,PG,1568687849,58,-6.12,141.3,85.44,4.32
535,bonoua,99,CI,1568687849,83,5.27,-3.6,76.8,5.75
536,whitehorse,75,CA,1568687849,50,60.72,-135.06,57.2,9.17
537,zhanaozen,0,KZ,1568687849,33,43.35,52.85,65.82,10.36
